Workbook

Sheet Summary
A1: Tester: | B1: Neeraja M. | D1: Last Update: | E1: 45701 | H1: Last Review By:
A3: FAIL | B3: =COUNTIF(Scenarios!$F$2:$F$993,"FAIL") -> 10 | C3: Open Defects | D3: =COUNTIF(Defects!E2:E607,"Open") -> 16 | E3: Automated | F3: 1
A4: PASS | B4: =COUNTIF(Scenarios!$F$2:$F$993,"PASS") -> 3 | C4: Closed Defects | D4: =COUNTIF(Defects!E2:E607,"Close") -> 0 | E4: Manual | F4: =COUNTIF(Scenarios!$E$2:$E$7,E4) -> 0
A5: NOT RUN | B5: =COUNTIF(Scenarios!$F$2:$F$993,"NOT RUN") -> 6 | C5: Total | D5: =SUM(D3:D4) -> 16 | E5: Total | F5: =SUM(F3:F4) -> 1
A6: BLOCK | B6: =COUNTIF(Scenarios!$F$2:$F$993,"BLOCK") -> 0
A7: NOT APPLICABLE | B7: =COUNTIF(Scenarios!$F$2:$F$993,"NA") -> 0
A8: Total | B8: =SUM(B3:B7) -> 19
A9: ACC Matrix
A10: Components | D10: Attributes | J10: General
A11: Sprint | B11: Feature | C11: Componant | D11: Secure | E11: Compliance | F11: Auditable | G11: Accessible | H11: Responsive | I11: Fast (Performance Testing) | J11: Build # | K11: Comments | L11: Status
A12: Sprint1 | B12: User Signup | C12: User registration | D12: =COUNTIFS(Scenarios!$C$2:$C$1243,CONCATENATE($C12," IS ",D$11)) -> 3 | E12: =COUNTIFS(Scenarios!$C$2:$C$1243,CONCATENATE($C12," IS ",E$11)) -> 9 | F12: =COUNTIFS(Scenarios!$C$2:$C$1243,CONCATENATE($C12," IS ",F$11)) -> 2 | G12: =COUNTIFS(Scenarios!$C$2:$C$1243,CONCATENATE($C12," IS ",G$11)) -> 1 | H12: =COUNTIFS(Scenarios!$C$2:$C$1243,CONCATENATE($C12," IS ",H$11)) -> 3 | I12: =COUNTIFS(Scenarios!$C$2:$C$1243,CONCATENATE($C12," IS ",I$11)) -> 1 | L12: Done

Sheet Scenarios
A1: Component | B1: Attribute | C1: Capability | D1: Scenario | E1: Tag | F1: Status | G1: Comments | H1: Defect
A2: =Summary!$C$12 -> User registration | B2: =Summary!$E$11 -> Compliance | C2: =CONCATENATE(A2," Is ",B2) -> User registration Is Compliance | D2: Validate all mandatory fields are marked with * | F2: Pass | G2: First Name & Country are not marked as mandatory this could lead to Data inconsistancy in the future.
A3: =Summary!$C$12 -> User registration | B3: =Summary!$E$11 -> Compliance | C3: =CONCATENATE(A3," Is ",B3) -> User registration Is Compliance | D3: Validate User is unable to register without entering all required fields | F3: Fail | G3: Only 2 out of 4 required fields are validated | H3: D001 D012
A4: =Summary!$C$12 -> User registration | B4: =Summary!$E$11 -> Compliance | C4: =CONCATENATE(A4," Is ",B4) -> User registration Is Compliance | D4: Validate User is Unable to register entering invalid data on all required fields | F4: Fail | G4: User is able to register with invalid data on required fields. | H4: D002 D010
A5: =Summary!$C$12 -> User registration | B5: =Summary!$E$11 -> Compliance | C5: =CONCATENATE(A5," Is ",B5) -> User registration Is Compliance | D5: Validate User is Unable to register entering valid data on all required fields except 'Last Name' | F5: Fail | H5: D001
A6: =Summary!$C$12 -> User registration | B6: =Summary!$E$11 -> Compliance | C6: =CONCATENATE(A6," Is ",B6) -> User registration Is Compliance | D6: Validate User is Unable to register entering valid data on all required fields except 'Phone Number' | F6: Pass
A7: =Summary!$C$12 -> User registration | B7: =Summary!$E$11 -> Compliance | C7: =CONCATENATE(A7," Is ",B7) -> User registration Is Compliance | D7: Validate User is Unable to register entering valid data on all required fields except 'Email address' | F7: Fail | H7: D001
A8: =Summary!$C$12 -> User registration | B8: =Summary!$E$11 -> Compliance | C8: =CONCATENATE(A8," Is ",B8) -> User registration Is Compliance | D8: Validate User is Unable to register entering valid data on all required fields except 'Password' | F8: Pass
A9: =Summary!$C$12 -> User registration | B9: =Summary!$E$11 -> Compliance | C9: =CONCATENATE(A9," Is ",B9) -> User registration Is Compliance | D9: Validate User is Unable to register without accecpting terms and conditions | F9: Fail
A10: =Summary!$C$12 -> User registration | B10: =Summary!$E$11 -> Compliance | C10: =CONCATENATE(A10," Is ",B10) -> User registration Is Compliance | D10: Validate User is Able to register entering valid data on all fields and Click the Terms & conditions checkbox | E10: Automated | F10: Fail | H10: D005 D008 D013 D014
A11: =Summary!$C$12 -> User registration | B11: =Summary!$D$11 -> Secure | C11: =CONCATENATE(A11," Is ",B11) -> User registration Is Secure | D11: Validate user is unable to execute HTML or Javascript on form fields | F11: Fail | H11: D004
A12: =Summary!$C$12 -> User registration | B12: =Summary!$D$11 -> Secure | C12: =CONCATENATE(A12," Is ",B12) -> User registration Is Secure | D12: Validate user is unable to enter special characters on form fields | F12: Fail | H12: D003 D006 D009
A13: =Summary!$C$12 -> User registration | B13: =Summary!$D$11 -> Secure | C13: =CONCATENATE(A13," Is ",B13) -> User registration Is Secure | D13: Validate Password is invisible while user entering the Password. | F13: Fail | H13: D011
A14: =Summary!$C$12 -> User registration | B14: =Summary!$F$11 -> Auditable | C14: =CONCATENATE(A14," Is ",B14) -> User registration Is Auditable | D14: Validate a log is created after user registration | F14: NOT RUN
A15: =Summary!$C$12 -> User registration | B15: =Summary!$F$11 -> Auditable | C15: =CONCATENATE(A15," Is ",B15) -> User registration Is Auditable | D15: Validate a google analytics are created after user registration. | F15: NOT RUN
A16: =Summary!$C$12 -> User registration | B16: =Summary!$G$11 -> Accessible | C16: =CONCATENATE(A16," Is ",B16) -> User registration Is Accessible | D16: Validate a user visual impair is able to register. | F16: Fail | G16: Form fields with multiple labels can be confusingly announced by assistive technologies like screen readers which use either the first, the last, or all of the labels | H16: D007 D016
A17: =Summary!$C$12 -> User registration | B17: =Summary!$H$11 -> Responsive | C17: =CONCATENATE(A17," Is ",B17) -> User registration Is Responsive | D17: Validate user is able to register on Laptop | F17: NOT RUN
A18: =Summary!$C$12 -> User registration | B18: =Summary!$H$11 -> Responsive | C18: =CONCATENATE(A18," Is ",B18) -> User registration Is Responsive | D18: Validate user is able to register on Phone | F18: NOT RUN
A19: =Summary!$C$12 -> User registration | B19: =Summary!$H$11 -> Responsive | C19: =CONCATENATE(A19," Is ",B19) -> User registration Is Responsive | D19: Validate user is able to register on Tablet. | F19: NOT RUN
A20: =Summary!$C$12 -> User registration | B20: =Summary!$I$11 -> Fast (Performance Testing) | C20: =CONCATENATE(A20," Is ",B20) -> User registration Is Fast (Performance Testing) | D20: Validate User is able to register under 5 seconds | F20: NOT RUN

Sheet Defects
A1: Defect # | B1: Story/Component | C1: Defect Description | D1: Steps to Reproduce | E1: Status | F1: Severity | G1: Impact | H1: Comments | I1: Actions | J1: Evidence
A2: D001 | B2: Sign Up | C2: Only 2 out of 4 required fields are validated.check the screen shots in the Last column(Evidence) | D2: 1.Open URL:https://qa-practice.netlify.app/bugs-form 2.Enter only Password &Phone number 3.Click on Register Actual : User is successfully registered. Expected: User is Unable to register. | E2: Open | F2: High | G2: High | H2: This could lead to Data & Security issues | I2: Run defect triage session with the Team.
A3: D002 | B3: Sign Up | C3: User is able to register with invalid data on required fields. | D3: 1.Open URL:https://qa-practice.netlify.app/bugs-form 2.Enter Blank spaces on Phone number 3.Click on Register Actual : User is successfully registered. Expected: User is Unable to register. | E3: Open | F3: High | G3: High | H3: This could lead to Data & Security issues | I3: Run defect triage session with the Team.
A4: D003 | B4: Sign Up | C4: First Name should not accept Special characters and Numbers,Symbols Upon successful registration with invalid First Name details | D4: 1.Open URL:https://qa-practice.netlify.app/bugs-form 2.Enter valid details, including Last name, phone number, country,email, password but enter invalid First Name "1234@#$%" 3.click on Register button Actual : User is successfully registered with invalid First Name Expected: The UI should display an error message prompting the user to enter only alphabets in the First Name field. | E4: Open | F4: Medium | G4: High | H4: This could lead to security issues | I4: Run defect triage session with the Team.
A5: D004 | B5: Sign Up | C5: HTML Code and Java script code Accepted qnd executed in First Name Field During Registration The registration form allows users to enter HTML code in the First Name text box, and the registration is successfully completed without validation. This lead to security vulnerabilities | D5: 1.Open URL:https://qa-practice.netlify.app/bugs-form 2.Enter HTML code in the first name <button onclick="speak()">Click Me</button> 3.Enter the remaining fields and click on Register button Actual : User is able to register with HTML code entering in the first name Expected: User is Uable to register with HTML code entering in the first name | E5: Open | F5: High | G5: High | H5: This leads to security issues | I5: Run defect triage session with the Team.
A6: D005 | B6: Sign Up | C6: Last Name Truncated After Registration Upon successful registration with valid details, the last name is not populating correctly: The last name is truncated by one character. | D6: 1.Open URL:https://qa-practice.netlify.app/bugs-form 2.Enter valid details, including first name, last name, phone number, country,email, and password 3.click on Register button Actual : User is successfully registered. but The last name is truncated by one character. Expected: User is successfully registered. and all the provided details should populate correctly. | E6: Open | F6: High | G6: High | H6: This leads to business and legal impact of storing wrong customer details | I6: Run defect triage session with the Team.
A7: D006 | B7: Sign Up | C7: Last Name should not accept Special characters and Numbers Upon successful registration with invalid Last name details | D7: 1.Open URL:https://qa-practice.netlify.app/bugs-form 2.Enter valid details, including first name, phone number, country,email, password but enter invalid last name "1234@#$%" 3.click on Register button Actual : User is successfully registered with invalid Last Name Expected: The UI should display an error message prompting the user to enter only alphabets in the Last Name field. | E7: Open | F7: Low | G7: Low | H7: This could lead to data issues | I7: Run defect triage session with the Team.
A8: D007 | B8: Sign Up | C8: The "Phone nunber" field is misspelled and should be corrected to "Phone number" | D8: 1.Open URL:https://qa-practice.netlify.app/bugs-form 2. check the Phone number field in the form Actual : It is displaying "Phone nunber" Expected: It should display "Phone number" | E8: Open | F8: Low | G8: High | H8: This could lead to Usability /reputation issues | I8: Run defect triage session with the Team.
A9: D008 | B9: Sign Up | C9: Phone Number Incremented last digit of the Phone Number by one After Registration. | D9: 1.Open URL:https://qa-practice.netlify.app/bugs-form 2.Enter valid details, including first name, last name, phone number, country,email, and password 3.click on Register button Actual : User is successfully registered. but Phone Number Incremented last digit of the Number by one. Expected: User is successfully registered. and all the provided details should populate correctly. | E9: Open | F9: High | G9: High | H9: This leads to business and legal impact of storing wrong customer details | I9: Run defect triage session with the Team.
A10: D009 | B10: Sign Up | C10: Phone Number accepts Special characters and Alphabetics | D10: 1.Open URL:https://qa-practice.netlify.app/bugs-form 2.Enter valid details, including first name, last name,, country,email, and password and enter special characters and alphabets in Phone number 3.click on Register button Actual : User is successfully registered with invalid phone number Expected: User is Unable to register with invalid Phone number. | E10: Open | F10: Low | G10: Low | H10: This leads to data issues | I10: Run defect triage session with the Team.
A11: D010 | B11: Sign Up | C11: User is able to register with invalid email address | D11: 1.Open URL:https://qa-practice.netlify.app/bugs-form 2.Enter valid details, including first name, last name, phone number, country,Password and enter invalid email address 3.click on Register button Actual : User is able to register with invalid email address Expected: User is unable to register with invalid email address | E11: Open | F11: High | G11: High | H11: This could lead to data nd security issues | I11: Run defect triage session with the Team.
A12: D011 | B12: Sign Up | C12: While filling the password on the registration form this is visible. | D12: 1.Open URL:https://qa-practice.netlify.app/bugs-form 2.Enter the password Actual : Password visible. Expected: Password should be hidden by * | E12: Open | F12: High | G12: High | H12: This leads to security issues | I12: Run defect triage session with the Team.
A13: D012 | B13: Sign Up | C13: UI should display error message to enter all the required fields after click on register button without entering any details | D13: 1.Open URL:https://qa-practice.netlify.app/bugs-form 2.click on Register button without entering any details Actual : UI is displaying the error message to enter the password Expected: UI should display error message to enter all the required fields | E13: Open | F13: Medium | G13: Medium | H13: This could lead to data issues | I13: Run defect triage session with the Team.
... A17: D016 | B17: Sign Up | C17: Accessability issue | D17: Disable persons also should able to Register. | E17: Open | F17: High | G17: High | H17: Form fields with multiple labels can be confusingly announced by assistive technologies like screen readers which use either the first, the last, or all of the labels | I17: Run defect triage session with the Team.
